aliased prefix,all prefix,sat aliased prefix,sat all prefix,co,loss,new,change sta alias,change sta all
4384.0,204290.0,1396.4762272834778,229471.28656093287,4372.0,12.0,12.0,0.0,0.0
4379.0,204613.0,1396.48391777277,229408.84069277486,4369.0,19.0,10.0,0.007690489292144775,-62.44586815801449
4366.0,203913.0,1393.4837651848793,229409.36769089196,4371.0,16.0,3.0,-3.000152587890625,0.5269981171004474
4393.0,204795.0,1397.546616077423,229488.42854458815,4371.0,3.0,30.0,4.062850892543793,79.06085369619541
4381.0,203941.0,1395.546448290348,229449.14527559397,4375.0,20.0,11.0,-2.0001677870750427,-39.28326899418607
4393.0,204115.0,1394.6141819953918,229427.75335908053,4369.0,14.0,26.0,-0.9322662949562073,-21.391916513442993
4386.0,204744.0,1393.680450975895,231517.66412335774,4365.0,28.0,22.0,-0.9337310194969177,2089.910764277214
