aliased prefix,all prefix,sat aliased prefix,sat all prefix,co,loss,new,change sta alias,change sta all
26774.0,37823.0,92.43035371688998,11312.221691124245,12446.0,25024.0,14328.0,0.0,0.0
26681.0,37823.0,89.43012423551514,11312.221691124245,26272.0,502.0,409.0,-3.000229481374845,0.0
26610.0,37823.0,93.43016781675502,11312.221691124245,26216.0,465.0,394.0,4.000043581239879,0.0
26684.0,37823.0,94.32851166109427,11312.221691124245,26130.0,480.0,554.0,0.8983438443392515,0.0
26322.0,37823.0,87.32871112314857,11312.221691124245,25907.0,777.0,415.0,-6.999800537945703,0.0
26610.0,37823.0,87.32849554013333,11312.221691124245,25863.0,459.0,747.0,-0.00021558301523327827,0.0
26329.0,37823.0,83.32871523521422,11312.221691124245,25851.0,759.0,478.0,-3.9997803049191134,0.0
