aliased prefix,all prefix,sat aliased prefix,sat all prefix,co,loss,new,change sta alias,change sta all
31158.0,204290.0,1488.9065810003679,240783.50825205713,4372.0,12.0,12.0,0.0,0.0
31060.0,204613.0,1485.9140420082852,240721.06238389915,4369.0,19.0,10.0,0.0076904892921447,-62.44586815801449
30976.0,203913.0,1486.9139330016344,240721.58938201625,4371.0,16.0,3.0,-3.000152587890625,0.5269981171004474
31077.0,204795.0,1491.8751277385174,240800.65023571238,4371.0,3.0,30.0,4.062850892543793,79.06085369619541
31217.0,203941.0,2694.12819591252,240761.36696671825,4374.0,21.0,526.0,1209.2528687119484,-39.28326899418607
31003.0,204115.0,1481.9426775355253,240739.97505020478,4369.0,528.0,26.0,-1212.1853027939796,-21.391916513442997
31352.0,204744.0,3216.094661206226,242829.88581448197,4366.0,27.0,658.0,1738.1517639756205,2089.910764277214
