aliased prefix,all prefix,sat aliased prefix,sat all prefix,co,loss,new
39311.0,52498.0,9089.084631283466,10925.218465188245,39121.0,190.0,4404.0
43525.0,52498.0,9298.774216414608,10925.218465188245,38308.0,5217.0,204.0
38512.0,52498.0,4724.941615538763,10925.218465188245,37819.0,693.0,4503.0
42322.0,52498.0,9174.28466833648,10925.218465188245,41730.0,592.0,1664.0
43394.0,52498.0,9365.611176388895,10925.218465188245,41446.0,1948.0,297.0
41743.0,52498.0,5079.52498103242,10925.218465188245,37982.0,3761.0,724.0
38706.0,52498.0,4832.080188266369,10925.218465188245,,,
