aliased prefix,all prefix,sat aliased prefix,sat all prefix,co,loss,new,change sta alias,change sta all
41953.0,201974.0,1408.5066336072816,240557.45244643357,0.0,0.0,0.0,0.0,0.0
41944.0,201689.0,1405.502712027479,240519.61871937162,4334.0,30.0,3.0,-4.004196166992188,-37.833727061981335
41948.0,201902.0,1406.5031979331584,240498.35097351915,4332.0,5.0,9.0,-0.062469482421875,-21.2677458524704
42090.0,202254.0,2711.4781988529317,240584.82861748585,4329.0,34.0,540.0,1300.1004333496094,86.4776439666748
42011.0,202569.0,1411.569767150406,240627.3671372853,4336.0,532.0,71.0,-1295.970672607422,42.53851979947649
41830.0,203482.0,1407.568302518299,240640.43741658574,4345.0,39.0,12.0,-4.001495361328125,13.07027930044569
41854.0,204301.0,1417.5609486778887,240696.63622489816,4331.0,26.0,53.0,10.992691040039062,56.19880831241608
