aliased prefix,all prefix,sat aliased prefix,sat all prefix,co,loss,new,change sta alias,change sta all
4393.0,204317.0,1393.55171251297,231539.14869594714,4368.0,23.0,25.0,0.0,0.0
4395.0,204230.0,1394.5556035637856,231501.91204995057,4394.0,9.0,11.0,1.0038910508155823,-37.23664599657059
4384.0,204206.0,1387.5516515374184,231517.894438745,4385.0,10.0,4.0,-7.0039520263671875,15.98238879442215
4398.0,202456.0,1392.49319511652,231576.42791700503,4378.0,6.0,20.0,4.9415435791015625,58.53347826004028
4403.0,202674.0,1387.4972386956215,231576.89685833617,4391.0,7.0,12.0,-4.9959564208984375,0.46894133114255965
4414.0,203478.0,1391.5637212395668,231619.33643041295,4405.0,3.0,9.0,4.0664825439453125,42.43957207677886
4529.0,202743.0,1381.7532812952995,231685.47678763187,4410.0,12.0,128.0,-9.810439944267273,66.1403572189156
