aliased prefix,all prefix,sat aliased prefix,sat all prefix,co,loss,new,change sta alias,change sta all
26435.0,37823.0,88.3287388807959,11312.221691124245,25748.0,581.0,687.0,0.0,0.0
26470.0,37823.0,87.32849692482083,11312.221691124245,25975.0,460.0,495.0,-1.0002419559750706,0.0
26116.0,37823.0,82.32867862469098,11312.221691124245,25676.0,794.0,440.0,-4.999818300129846,0.0
26622.0,37823.0,87.32851337779826,11312.221691124245,25717.0,399.0,905.0,4.9998347531072795,0.0
26507.0,37823.0,89.32872134748428,11312.221691124245,26067.0,555.0,440.0,2.0002079696860164,0.0
26541.0,37823.0,87.32846163561149,11312.221691124245,26074.0,433.0,467.0,-2.0002597118727863,0.0
27200.0,37823.0,87.33237598392694,11312.221691124245,26005.0,536.0,1195.0,0.003914348315447569,0.0
