aliased prefix,all prefix,sat aliased prefix,sat all prefix,co,loss,new,change sta alias,change sta all
30828.0,204317.0,1481.880451393766,242851.37038707142,4366.0,662.0,27.0,0.0,0.0
30865.0,204230.0,1481.8841004886065,242814.13374107482,4394.0,9.0,11.0,1.0038910508155825,-37.23664599657059
31224.0,204206.0,3672.362919883789,242830.11612986925,4384.0,11.0,729.0,2195.4786376953125,15.98238879442215
31020.0,202456.0,1479.8217084943183,242888.6496081293,4378.0,730.0,20.0,-2197.541046142578,58.53347826004028
30909.0,202674.0,1476.8259447843168,242889.11854946043,4391.0,7.0,11.0,-4.9959716796875,0.4689413311425596
30955.0,203478.0,1478.8921828751784,242931.55812153718,4405.0,2.0,9.0,4.066497802734375,42.43957207677886
31729.0,202743.0,1469.0856572792266,242997.69847875612,4410.0,12.0,128.0,-9.810439944267271,66.1403572189156
