aliased prefix,all prefix,sat aliased prefix,sat all prefix,co,loss,new,change sta alias,change sta all
49854.0,202293.0,1486.251580992379,241187.076434382,4519.0,12.0,26.0,0.0,0.0
49880.0,202210.0,1484.2826325706121,241162.20385587844,4528.0,17.0,4.0,-3.0040283203125,-24.872578503564
49889.0,202068.0,1481.282559452244,241155.47592276963,4518.0,6.0,10.0,-2.996078491210937,-6.72793310880661
49963.0,202525.0,1483.3726332219233,241191.97077161726,4519.0,4.0,9.0,2.0627593994140625,36.49484884762205
49940.0,202640.0,1484.4978133965199,241206.41021794736,4515.0,17.0,26.0,1.125152587890625,14.439446330070496
49930.0,203629.0,1486.3686929900582,241225.81211907323,4519.0,22.0,20.0,1.8712311387062075,19.401901125907894
49855.0,203730.0,1488.3653224035081,241234.1221183003,4518.0,17.0,28.0,-1.0037078857421875,8.309999227058142
